Threads,Time,Speedup
1,0.1614402001723647,0.9896549913915937
2,0.16917259991168976,0.9444206685671367
4,0.1750117999035865,0.9129104437521107
8,0.2267889000941068,0.7044881819416279
