Threads,Time,Speedup
1,0.25367519981227815,0.7380406130428268
2,0.19487699982710183,0.9607218920104599
4,0.19214599998667836,0.9743767759734557
8,0.27097930014133453,0.6909110765492631
