Threads,Time,Speedup
1,0.23694860003888607,0.898850214468014
2,0.22164310002699494,0.9609200554265322
4,0.29899280006065965,0.7123291929425685
8,0.2177980998530984,0.9778841050794345
